firm_id,firm_name
0,firm0
1,firm1
2,firm2
3,firm4
4,firm5
5,firm6
6,firm7
7,firm8
8,firm9
9,firm10
10,firm11
11,firm12
12,firm13
13,firm14
14,firm16
15,firm17
16,firm18
17,firm19
18,firm20
19,firm21
20,firm23
21,firm24
22,firm25
23,firm29
24,firm30
25,firm31
26,firm32
27,firm33
28,firm34
29,firm36
30,firm37
31,firm39
32,firm40
33,firm42
34,firm43
35,firm44
36,firm45
37,firm46
38,firm47
39,firm48
40,firm49
41,firm50
42,firm52
43,firm53
44,firm54
45,firm55
46,firm56
47,firm57
48,firm58
49,firm59
50,firm60
51,firm61
52,firm64
53,firm66
54,firm67
55,firm68
56,firm69
57,firm70
58,firm71
59,firm72
60,firm73
61,firm74
62,firm76
63,firm77
64,firm78
65,firm80
66,firm82
67,firm83
68,firm84
69,firm86
70,firm87
71,firm88
72,firm89
73,firm90
74,firm91
75,firm92
76,firm93
77,firm94
78,firm95
79,firm96
80,firm99
81,firm100
82,firm101
83,firm102
84,firm103
85,firm106
86,firm107
87,firm109
88,firm110
89,firm111
90,firm113
91,firm115
92,firm116
93,firm117
94,firm118
95,firm120
96,firm121
97,firm122
98,firm124
99,firm127
100,firm128
101,firm129
102,firm131
103,firm132
104,firm133
105,firm134
106,firm135
107,firm136
108,firm137
109,firm138
110,firm139
111,firm141
112,firm142
113,firm143
114,firm145
115,firm146
116,firm147
117,firm148
118,firm149
